品牌,型号family,详细型号,描述,描述EN
FT,FT-210,FT210PA000000A,这是FT210PA000000A的产品描述。,Detailed description of FT210PA000000A.
FT,FT-210,FT210PA100000A,这是FT210PA100000A的产品描述。,Detailed description of FT210PA100000A.
FT,FT-210,FT210PA0A0000A,这是FT210PA0A0000A的产品描述。,Detailed description of FT210PA0A0000A.
FT,FT-210,FT210PA00E000A,这是FT210PA00E000A的产品描述。,Detailed description of FT210PA00E000A.
FT,FT-210,FT210PA00F000A,这是FT210PA00F000A的产品描述。,Detailed description of FT210PA00F000A.
FT,FT-210,FT210PA00P000A,这是FT210PA00P000A的产品描述。,Detailed description of FT210PA00P000A.
FT,FT-210,FT210PA000000D,这是FT210PA000000D的产品描述。,Detailed description of FT210PA000000D.
FT,FT-210,FT210PA100000D,这是FT210PA100000D的产品描述。,Detailed description of FT210PA100000D.
FT,FT-210,FT210PA0A0000D,这是FT210PA0A0000D的产品描述。,Detailed description of FT210PA0A0000D.
FT,FT-210,FT210PA00E000D,这是FT210PA00E000D的产品描述。,Detailed description of FT210PA00E000D.
FT,FT-210,FT210PA00F000D,这是FT210PA00F000D的产品描述。,Detailed description of FT210PA00F000D.
FT,FT-210,FT210PA00P000D,这是FT210PA00P000D的产品描述。,Detailed description of FT210PA00P000D.
FT,FT-210,FT210DA000000D,这是FT210DA000000D的产品描述。,Detailed description of FT210DA000000D.
FT,FT-210,FT210DA100000D,这是FT210DA100000D的产品描述。,Detailed description of FT210DA100000D.
FT,FT-210,FT210DA0A0000D,这是FT210DA0A0000D的产品描述。,Detailed description of FT210DA0A0000D.
FT,FT-210,FT210DA00E000D,这是FT210DA00E000D的产品描述。,Detailed description of FT210DA00E000D.
FT,FT-210,FT210DA00F000D,这是FT210DA00F000D的产品描述。,Detailed description of FT210DA00F000D.
FT,FT-210,FT210DA00P000D,这是FT210DA00P000D的产品描述。,Detailed description of FT210DA00P000D.
FT,FT-210,FT210HA000010A,这是FT210HA000010A的产品描述。,Detailed description of FT210HA000010A.
FT,FT-210,FT210HA100010A,这是FT210HA100010A的产品描述。,Detailed description of FT210HA100010A.
FT,FT-210,FT210HA0A0010A,这是FT210HA0A0010A的产品描述。,Detailed description of FT210HA0A0010A.
FT,FT-210,FT210HA00E010A,这是FT210HA00E010A的产品描述。,Detailed description of FT210HA00E010A.
FT,FT-210,FT210HA00F010A,这是FT210HA00F010A的产品描述。,Detailed description of FT210HA00F010A.
FT,FT-210,FT210HA00P010A,这是FT210HA00P010A的产品描述。,Detailed description of FT210HA00P010A.
FT,FT-210,FT210HA000020A,这是FT210HA000020A的产品描述。,Detailed description of FT210HA000020A.
FT,FT-210,FT210HA100020A,这是FT210HA100020A的产品描述。,Detailed description of FT210HA100020A.
FT,FT-210,FT210HA0A0020A,这是FT210HA0A0020A的产品描述。,Detailed description of FT210HA0A0020A.
FT,FT-210,FT210HA00E020A,这是FT210HA00E020A的产品描述。,Detailed description of FT210HA00E020A.
FT,FT-210,FT210HA00F020A,这是FT210HA00F020A的产品描述。,Detailed description of FT210HA00F020A.
FT,FT-210,FT210HA00P020A,这是FT210HA00P020A的产品描述。,Detailed description of FT210HA00P020A.
FT,FT-210,FT210HA000000A,这是FT210HA000000A的产品描述。,Detailed description of FT210HA000000A.
FT,FT-210,FT210HA100000A,这是FT210HA100000A的产品描述。,Detailed description of FT210HA100000A.
FT,FT-210,FT210HA0A0000A,这是FT210HA0A0000A的产品描述。,Detailed description of FT210HA0A0000A.
FT,FT-210,FT210HA00E000A,这是FT210HA00E000A的产品描述。,Detailed description of FT210HA00E000A.
FT,FT-210,FT210HA00F000A,这是FT210HA00F000A的产品描述。,Detailed description of FT210HA00F000A.
FT,FT-210,FT210HA00P000A,这是FT210HA00P000A的产品描述。,Detailed description of FT210HA00P000A.
FT,FT-210,FT210TA100020G,这是FT210TA100020G的产品描述。,Detailed description of FT210TA100020G.
FT,FT-210,FT210EA000000A,这是FT210EA000000A的产品描述。,Detailed description of FT210EA000000A.
FT,FT-210,FT210EA100000A,这是FT210EA100000A的产品描述。,Detailed description of FT210EA100000A.
FT,FT-210,FT210EA0A0000A,这是FT210EA0A0000A的产品描述。,Detailed description of FT210EA0A0000A.
FT,FT-210,FT210EA00E000A,这是FT210EA00E000A的产品描述。,Detailed description of FT210EA00E000A.
FT,FT-210,FT210EA00F000A,这是FT210EA00F000A的产品描述。,Detailed description of FT210EA00F000A.
FT,FT-210,FT210EA00P000A,这是FT210EA00P000A的产品描述。,Detailed description of FT210EA00P000A.
FT,FT-210,FT210EA000000D,这是FT210EA000000D的产品描述。,Detailed description of FT210EA000000D.
FT,FT-210,FT210EA100000D,这是FT210EA100000D的产品描述。,Detailed description of FT210EA100000D.
FT,FT-210,FT210EA0A0000D,这是FT210EA0A0000D的产品描述。,Detailed description of FT210EA0A0000D.
FT,FT-210,FT210EA00E000D,这是FT210EA00E000D的产品描述。,Detailed description of FT210EA00E000D.
FT,FT-210,FT210EA00F000D,这是FT210EA00F000D的产品描述。,Detailed description of FT210EA00F000D.
FT,FT-210,FT210EA00P000D,这是FT210EA00P000D的产品描述。,Detailed description of FT210EA00P000D.
FT,FT-210,FT210NA000010A,这是FT210NA000010A的产品描述。,Detailed description of FT210NA000010A.
FT,FT-210,FT210NA100010A,这是FT210NA100010A的产品描述。,Detailed description of FT210NA100010A.
FT,FT-210,FT210NA0A0010A,这是FT210NA0A0010A的产品描述。,Detailed description of FT210NA0A0010A.
FT,FT-210,FT210NA00E010A,这是FT210NA00E010A的产品描述。,Detailed description of FT210NA00E010A.
FT,FT-210,FT210NA00F010A,这是FT210NA00F010A的产品描述。,Detailed description of FT210NA00F010A.
FT,FT-210,FT210NA00P010A,这是FT210NA00P010A的产品描述。,Detailed description of FT210NA00P010A.
FT,FT-210,FT210NA000010D,这是FT210NA000010D的产品描述。,Detailed description of FT210NA000010D.
FT,FT-210,FT210NA100010D,这是FT210NA100010D的产品描述。,Detailed description of FT210NA100010D.
FT,FT-210,FT210NA0A0010D,这是FT210NA0A0010D的产品描述。,Detailed description of FT210NA0A0010D.
FT,FT-210,FT210NA00E010D,这是FT210NA00E010D的产品描述。,Detailed description of FT210NA00E010D.
FT,FT-210,FT210NA00F010D,这是FT210NA00F010D的产品描述。,Detailed description of FT210NA00F010D.
FT,FT-210,FT210NA00P010D,这是FT210NA00P010D的产品描述。,Detailed description of FT210NA00P010D.
FT,FT-210,FT210NA000020A,这是FT210NA000020A的产品描述。,Detailed description of FT210NA000020A.
FT,FT-210,FT210NA100020A,这是FT210NA100020A的产品描述。,Detailed description of FT210NA100020A.
FT,FT-210,FT210NA0A0020A,这是FT210NA0A0020A的产品描述。,Detailed description of FT210NA0A0020A.
FT,FT-210,FT210NA00E020A,这是FT210NA00E020A的产品描述。,Detailed description of FT210NA00E020A.
FT,FT-210,FT210NA00F020A,这是FT210NA00F020A的产品描述。,Detailed description of FT210NA00F020A.
FT,FT-210,FT210NA00P020A,这是FT210NA00P020A的产品描述。,Detailed description of FT210NA00P020A.
FT,FT-210,FT210NA000020D,这是FT210NA000020D的产品描述。,Detailed description of FT210NA000020D.
FT,FT-210,FT210NA100020D,这是FT210NA100020D的产品描述。,Detailed description of FT210NA100020D.
FT,FT-210,FT210NA0A0020D,这是FT210NA0A0020D的产品描述。,Detailed description of FT210NA0A0020D.
FT,FT-210,FT210NA00E020D,这是FT210NA00E020D的产品描述。,Detailed description of FT210NA00E020D.
FT,FT-210,FT210NA00F020D,这是FT210NA00F020D的产品描述。,Detailed description of FT210NA00F020D.
FT,FT-210,FT210NA00P020D,这是FT210NA00P020D的产品描述。,Detailed description of FT210NA00P020D.
FT,FT-210,FT210NA000000A,这是FT210NA000000A的产品描述。,Detailed description of FT210NA000000A.
FT,FT-210,FT210NA100000A,这是FT210NA100000A的产品描述。,Detailed description of FT210NA100000A.
FT,FT-210,FT210NA0A0000A,这是FT210NA0A0000A的产品描述。,Detailed description of FT210NA0A0000A.
FT,FT-210,FT210NA00E000A,这是FT210NA00E000A的产品描述。,Detailed description of FT210NA00E000A.
FT,FT-210,FT210NA00F000A,这是FT210NA00F000A的产品描述。,Detailed description of FT210NA00F000A.
FT,FT-210,FT210NA00P000A,这是FT210NA00P000A的产品描述。,Detailed description of FT210NA00P000A.
FT,FT-210,FT210NA000000D,这是FT210NA000000D的产品描述。,Detailed description of FT210NA000000D.
FT,FT-210,FT210NA100000D,这是FT210NA100000D的产品描述。,Detailed description of FT210NA100000D.
FT,FT-210,FT210NA0A0000D,这是FT210NA0A0000D的产品描述。,Detailed description of FT210NA0A0000D.
FT,FT-210,FT210NA00E000D,这是FT210NA00E000D的产品描述。,Detailed description of FT210NA00E000D.
FT,FT-210,FT210NA00F000D,这是FT210NA00F000D的产品描述。,Detailed description of FT210NA00F000D.
FT,FT-210,FT210NA00P000D,这是FT210NA00P000D的产品描述。,Detailed description of FT210NA00P000D.
FT,FT-220,FT220ATXXA,这是FT220ATXXA的产品描述。,Detailed description of FT220ATXXA.
FT,FT-220,FT220DTXXA,这是FT220DTXXA的产品描述。,Detailed description of FT220DTXXA.
FT,FT-230,FT230HA001A,这是FT230HA001A的产品描述。,Detailed description of FT230HA001A.
FT,FT-230,FT230HA101A,这是FT230HA101A的产品描述。,Detailed description of FT230HA101A.
FT,FT-230,FT230HAA01A,这是FT230HAA01A的产品描述。,Detailed description of FT230HAA01A.
FT,FT-230,FT230HA002A,这是FT230HA002A的产品描述。,Detailed description of FT230HA002A.
FT,FT-230,FT230HA102A,这是FT230HA102A的产品描述。,Detailed description of FT230HA102A.
FT,FT-230,FT230HAA02A,这是FT230HAA02A的产品描述。,Detailed description of FT230HAA02A.
FT,FT-230,FT230HA012A,这是FT230HA012A的产品描述。,Detailed description of FT230HA012A.
FT,FT-230,FT230HA112A,这是FT230HA112A的产品描述。,Detailed description of FT230HA112A.
FT,FT-230,FT230TA002A,这是FT230TA002A的产品描述。,Detailed description of FT230TA002A.
FT,FT-230,FT230TA102A,这是FT230TA102A的产品描述。,Detailed description of FT230TA102A.
FT,FT-230,FT230TAA02A,这是FT230TAA02A的产品描述。,Detailed description of FT230TAA02A.
FT,FT-230,FT230TA012A,这是FT230TA012A的产品描述。,Detailed description of FT230TA012A.
FT,FT-230,FT230TA112A,这是FT230TA112A的产品描述。,Detailed description of FT230TA112A.
FT,FT-230,FT230NA001A,这是FT230NA001A的产品描述。,Detailed description of FT230NA001A.
FT,FT-230,FT230NA101A,这是FT230NA101A的产品描述。,Detailed description of FT230NA101A.
FT,FT-230,FT230NAA01A,这是FT230NAA01A的产品描述。,Detailed description of FT230NAA01A.
FT,FT-230,FT230NA002A,这是FT230NA002A的产品描述。,Detailed description of FT230NA002A.
FT,FT-230,FT230NA102A,这是FT230NA102A的产品描述。,Detailed description of FT230NA102A.
FT,FT-230,FT230NAA02A,这是FT230NAA02A的产品描述。,Detailed description of FT230NAA02A.
FT,DAD,DAD 143.2,这是DAD 143.2的产品描述。,Detailed description of DAD 143.2.
FT,DAD,DAD 142.2,这是DAD 142.2的产品描述。,Detailed description of DAD 142.2.
FT,FT203,FT2031AD,这是FT2031AD的产品描述。,Detailed description of FT2031AD.
FT,52-30M,52-30M CS SLB-91kg-BH-C3,这是52-30M CS SLB-91kg-BH-C3的产品描述。,Detailed description of 52-30M CS SLB-91kg-BH-C3.
FT,52-30M,52-30M CS SLB-227kg-BH-C3,这是52-30M CS SLB-227kg-BH-C3的产品描述。,Detailed description of 52-30M CS SLB-227kg-BH-C3.
FT,52-30M,52-30M CS SLB-454kg-BH-C3,这是52-30M CS SLB-454kg-BH-C3的产品描述。,Detailed description of 52-30M CS SLB-454kg-BH-C3.
FT,52-30M,52-30M CS SLB-1134kg-BH-C3,这是52-30M CS SLB-1134kg-BH-C3的产品描述。,Detailed description of 52-30M CS SLB-1134kg-BH-C3.
FT,52-30M,52-30M CS SLB-2268kg-BH-C3,这是52-30M CS SLB-2268kg-BH-C3的产品描述。,Detailed description of 52-30M CS SLB-2268kg-BH-C3.
FT,52-30M,52-30M CS SLB-3000kg-BH-C3,这是52-30M CS SLB-3000kg-BH-C3的产品描述。,Detailed description of 52-30M CS SLB-3000kg-BH-C3.
FT,52-30ML,52-30ML CS SLB-91kg-BH-C3,这是52-30ML CS SLB-91kg-BH-C3的产品描述。,Detailed description of 52-30ML CS SLB-91kg-BH-C3.
FT,52-30ML,52-30ML CS SLB-227kg-BH-C3,这是52-30ML CS SLB-227kg-BH-C3的产品描述。,Detailed description of 52-30ML CS SLB-227kg-BH-C3.
FT,52-30ML,52-30ML CS SLB-454kg-BH-C3,这是52-30ML CS SLB-454kg-BH-C3的产品描述。,Detailed description of 52-30ML CS SLB-454kg-BH-C3.
FT,52-30ML,52-30ML CS SLB-1134kg-BH-C3,这是52-30ML CS SLB-1134kg-BH-C3的产品描述。,Detailed description of 52-30ML CS SLB-1134kg-BH-C3.
FT,52-30ML,52-30ML CS SLB-2268kg-BH-C3,这是52-30ML CS SLB-2268kg-BH-C3的产品描述。,Detailed description of 52-30ML CS SLB-2268kg-BH-C3.
FT,52-30ML,52-30ML CS SLB-3000kg-BH-C3,这是52-30ML CS SLB-3000kg-BH-C3的产品描述。,Detailed description of 52-30ML CS SLB-3000kg-BH-C3.
FT,52-30M,52-30M CS SB14-227kg-BH-C3 Y=11500,这是52-30M CS SB14-227kg-BH-C3 Y=11500的产品描述。,Detailed description of 52-30M CS SB14-227kg-BH-C3 Y=11500.
FT,52-30M,52-30M CS SB14-227kg-BH-C3 Y=23000,这是52-30M CS SB14-227kg-BH-C3 Y=23000的产品描述。,Detailed description of 52-30M CS SB14-227kg-BH-C3 Y=23000.
FT,52-30M,52-30M CS SB14-227kg-BH-C6 Y=23000,这是52-30M CS SB14-227kg-BH-C6 Y=23000的产品描述。,Detailed description of 52-30M CS SB14-227kg-BH-C6 Y=23000.
FT,52-30M,52-30M CS SB14-454kg-BH-C3 Y=11500,这是52-30M CS SB14-454kg-BH-C3 Y=11500的产品描述。,Detailed description of 52-30M CS SB14-454kg-BH-C3 Y=11500.
FT,52-30M,52-30M CS SB14-454kg-BH-C3 Y=23000,这是52-30M CS SB14-454kg-BH-C3 Y=23000的产品描述。,Detailed description of 52-30M CS SB14-454kg-BH-C3 Y=23000.
FT,52-30M,52-30M CS SB14-454kg-BH-C6 Y=23000,这是52-30M CS SB14-454kg-BH-C6 Y=23000的产品描述。,Detailed description of 52-30M CS SB14-454kg-BH-C6 Y=23000.
FT,52-30M,52-30M CS SB14-1134kg-BH-C3 Y=11500,这是52-30M CS SB14-1134kg-BH-C3 Y=11500的产品描述。,Detailed description of 52-30M CS SB14-1134kg-BH-C3 Y=11500.
FT,52-30M,52-30M CS SB14-1134kg-BH-C3 Y=23000,这是52-30M CS SB14-1134kg-BH-C3 Y=23000的产品描述。,Detailed description of 52-30M CS SB14-1134kg-BH-C3 Y=23000.
FT,52-30M,52-30M CS SB14-1134kg-BH-C6 Y=23000,这是52-30M CS SB14-1134kg-BH-C6 Y=23000的产品描述。,Detailed description of 52-30M CS SB14-1134kg-BH-C6 Y=23000.
FT,52-30M,52-30M CS SB14-2268kg-BH-C3 Y=11500,这是52-30M CS SB14-2268kg-BH-C3 Y=11500的产品描述。,Detailed description of 52-30M CS SB14-2268kg-BH-C3 Y=11500.
FT,52-30M,52-30M CS SB14-2268kg-BH-C3 Y=23000,这是52-30M CS SB14-2268kg-BH-C3 Y=23000的产品描述。,Detailed description of 52-30M CS SB14-2268kg-BH-C3 Y=23000.
FT,52-30M,52-30M CS SB14-2268kg-BH-C6 Y=23000,这是52-30M CS SB14-2268kg-BH-C6 Y=23000的产品描述。,Detailed description of 52-30M CS SB14-2268kg-BH-C6 Y=23000.
FT,52-30M,52-30M CS SB14-3000kg-BH-C3 Y=11500,这是52-30M CS SB14-3000kg-BH-C3 Y=11500的产品描述。,Detailed description of 52-30M CS SB14-3000kg-BH-C3 Y=11500.
FT,52-30M,52-30M CS SB14-3000kg-BH-C3 Y=23000,这是52-30M CS SB14-3000kg-BH-C3 Y=23000的产品描述。,Detailed description of 52-30M CS SB14-3000kg-BH-C3 Y=23000.
FT,52-30M,52-30M CS SB14-3000kg-BH-C6 Y=23000,这是52-30M CS SB14-3000kg-BH-C6 Y=23000的产品描述。,Detailed description of 52-30M CS SB14-3000kg-BH-C6 Y=23000.
FT,52-30M,52-30M CS SB14-4536kg-BH-C3 Y=11500,这是52-30M CS SB14-4536kg-BH-C3 Y=11500的产品描述。,Detailed description of 52-30M CS SB14-4536kg-BH-C3 Y=11500.
FT,52-30M,52-30M CS SB14-4536kg-BH-C3 Y=23000,这是52-30M CS SB14-4536kg-BH-C3 Y=23000的产品描述。,Detailed description of 52-30M CS SB14-4536kg-BH-C3 Y=23000.
FT,52-30M,52-30M CS SB14-4536kg-BH-C6 Y=23000,这是52-30M CS SB14-4536kg-BH-C6 Y=23000的产品描述。,Detailed description of 52-30M CS SB14-4536kg-BH-C6 Y=23000.
FT,52-30ML,52-30ML CS SB14-227kg-BH-C3 Y=11500,这是52-30ML CS SB14-227kg-BH-C3 Y=11500的产品描述。,Detailed description of 52-30ML CS SB14-227kg-BH-C3 Y=11500.
FT,52-30ML,52-30ML CS SB14-227kg-BH-C3 Y=23000,这是52-30ML CS SB14-227kg-BH-C3 Y=23000的产品描述。,Detailed description of 52-30ML CS SB14-227kg-BH-C3 Y=23000.
FT,52-30ML,52-30ML CS SB14-227kg-BH-C6 Y=23000,这是52-30ML CS SB14-227kg-BH-C6 Y=23000的产品描述。,Detailed description of 52-30ML CS SB14-227kg-BH-C6 Y=23000.
FT,52-30ML,52-30ML CS SB14-454kg-BH-C3 Y=11500,这是52-30ML CS SB14-454kg-BH-C3 Y=11500的产品描述。,Detailed description of 52-30ML CS SB14-454kg-BH-C3 Y=11500.
FT,52-30ML,52-30ML CS SB14-454kg-BH-C3 Y=23000,这是52-30ML CS SB14-454kg-BH-C3 Y=23000的产品描述。,Detailed description of 52-30ML CS SB14-454kg-BH-C3 Y=23000.
FT,52-30ML,52-30ML CS SB14-454kg-BH-C6 Y=23000,这是52-30ML CS SB14-454kg-BH-C6 Y=23000的产品描述。,Detailed description of 52-30ML CS SB14-454kg-BH-C6 Y=23000.
FT,52-30ML,52-30ML CS SB14-1134kg-BH-C3 Y=11500,这是52-30ML CS SB14-1134kg-BH-C3 Y=11500的产品描述。,Detailed description of 52-30ML CS SB14-1134kg-BH-C3 Y=11500.
FT,52-30ML,52-30ML CS SB14-1134kg-BH-C3 Y=23000,这是52-30ML CS SB14-1134kg-BH-C3 Y=23000的产品描述。,Detailed description of 52-30ML CS SB14-1134kg-BH-C3 Y=23000.
FT,52-30ML,52-30ML CS SB14-1134kg-BH-C6 Y=23000,这是52-30ML CS SB14-1134kg-BH-C6 Y=23000的产品描述。,Detailed description of 52-30ML CS SB14-1134kg-BH-C6 Y=23000.
FT,52-30ML,52-30ML CS SB14-2268kg-BH-C3 Y=11500,这是52-30ML CS SB14-2268kg-BH-C3 Y=11500的产品描述。,Detailed description of 52-30ML CS SB14-2268kg-BH-C3 Y=11500.
FT,52-30ML,52-30ML CS SB14-2268kg-BH-C3 Y=23000,这是52-30ML CS SB14-2268kg-BH-C3 Y=23000的产品描述。,Detailed description of 52-30ML CS SB14-2268kg-BH-C3 Y=23000.
FT,52-30ML,52-30ML CS SB14-2268kg-BH-C6 Y=23000,这是52-30ML CS SB14-2268kg-BH-C6 Y=23000的产品描述。,Detailed description of 52-30ML CS SB14-2268kg-BH-C6 Y=23000.
FT,52-30ML,52-30ML CS SB14-3000kg-BH-C3 Y=11500,这是52-30ML CS SB14-3000kg-BH-C3 Y=11500的产品描述。,Detailed description of 52-30ML CS SB14-3000kg-BH-C3 Y=11500.
FT,52-30ML,52-30ML CS SB14-3000kg-BH-C3 Y=23000,这是52-30ML CS SB14-3000kg-BH-C3 Y=23000的产品描述。,Detailed description of 52-30ML CS SB14-3000kg-BH-C3 Y=23000.
FT,52-30ML,52-30ML CS SB14-3000kg-BH-C6 Y=23000,这是52-30ML CS SB14-3000kg-BH-C6 Y=23000的产品描述。,Detailed description of 52-30ML CS SB14-3000kg-BH-C6 Y=23000.
FT,52-30ML,52-30ML CS SB14-4536kg-BH-C3 Y=11500,这是52-30ML CS SB14-4536kg-BH-C3 Y=11500的产品描述。,Detailed description of 52-30ML CS SB14-4536kg-BH-C3 Y=11500.
FT,52-30ML,52-30ML CS SB14-4536kg-BH-C3 Y=23000,这是52-30ML CS SB14-4536kg-BH-C3 Y=23000的产品描述。,Detailed description of 52-30ML CS SB14-4536kg-BH-C3 Y=23000.
FT,52-30ML,52-30ML CS SB14-4536kg-BH-C6 Y=23000,这是52-30ML CS SB14-4536kg-BH-C6 Y=23000的产品描述。,Detailed description of 52-30ML CS SB14-4536kg-BH-C6 Y=23000.
FT,52-30M,52-30M CS SB5-5099kg-C3,这是52-30M CS SB5-5099kg-C3的产品描述。,Detailed description of 52-30M CS SB5-5099kg-C3.
FT,52-30ML,52-30ML CS SB5-5099kg-C3,这是52-30ML CS SB5-5099kg-C3的产品描述。,Detailed description of 52-30ML CS SB5-5099kg-C3.
FT,55-30,55-30 CS RC3-7.5t-C3,这是55-30 CS RC3-7.5t-C3的产品描述。,Detailed description of 55-30 CS RC3-7.5t-C3.
FT,55-30,55-30 CS RC3-15t-C3,这是55-30 CS RC3-15t-C3的产品描述。,Detailed description of 55-30 CS RC3-15t-C3.
FT,55-30,55-30 CS RC3-22.5t-C3,这是55-30 CS RC3-22.5t-C3的产品描述。,Detailed description of 55-30 CS RC3-22.5t-C3.
FT,55-30,55-30 CS RC3-30t-C3,这是55-30 CS RC3-30t-C3的产品描述。,Detailed description of 55-30 CS RC3-30t-C3.
FT,55-30,55-30 CS RC3-40t-C3,这是55-30 CS RC3-40t-C3的产品描述。,Detailed description of 55-30 CS RC3-40t-C3.
FT,52-28,52-28 CS SB6-20kg-C3 Y=10200,这是52-28 CS SB6-20kg-C3 Y=10200的产品描述。,Detailed description of 52-28 CS SB6-20kg-C3 Y=10200.
FT,52-28,52-28 CS SB6-20kg-C3 Y=20400,这是52-28 CS SB6-20kg-C3 Y=20400的产品描述。,Detailed description of 52-28 CS SB6-20kg-C3 Y=20400.
FT,52-28,52-28 CS SB6-50kg-C3 Y=10200,这是52-28 CS SB6-50kg-C3 Y=10200的产品描述。,Detailed description of 52-28 CS SB6-50kg-C3 Y=10200.
FT,52-28,52-28 CS SB6-50kg-C3 Y=20400,这是52-28 CS SB6-50kg-C3 Y=20400的产品描述。,Detailed description of 52-28 CS SB6-50kg-C3 Y=20400.
FT,52-28,52-28 CS SB6-100kg-C3 Y=10200,这是52-28 CS SB6-100kg-C3 Y=10200的产品描述。,Detailed description of 52-28 CS SB6-100kg-C3 Y=10200.
FT,52-28,52-28 CS SB6-100kg-C3 Y=20400,这是52-28 CS SB6-100kg-C3 Y=20400的产品描述。,Detailed description of 52-28 CS SB6-100kg-C3 Y=20400.
FT,52-28,52-28 CS SB6-200kg-C3 Y=10200,这是52-28 CS SB6-200kg-C3 Y=10200的产品描述。,Detailed description of 52-28 CS SB6-200kg-C3 Y=10200.
FT,52-28,52-28 CS SB6-200kg-C3 Y=20400,这是52-28 CS SB6-200kg-C3 Y=20400的产品描述。,Detailed description of 52-28 CS SB6-200kg-C3 Y=20400.
FT,52-20,52-20 CS SB8-10kg-C3,这是52-20 CS SB8-10kg-C3的产品描述。,Detailed description of 52-20 CS SB8-10kg-C3.
FT,52-20,52-20 CS SB8-20kg-C3,这是52-20 CS SB8-20kg-C3的产品描述。,Detailed description of 52-20 CS SB8-20kg-C3.
FT,52-20,52-20 CS SB8-30kg-C3,这是52-20 CS SB8-30kg-C3的产品描述。,Detailed description of 52-20 CS SB8-30kg-C3.
FT,52-20,52-20 CS SB8-50kg-C3,这是52-20 CS SB8-50kg-C3的产品描述。,Detailed description of 52-20 CS SB8-50kg-C3.
FT,52-20,52-20 CS SB8-100kg-C3,这是52-20 CS SB8-100kg-C3的产品描述。,Detailed description of 52-20 CS SB8-100kg-C3.
FT,52-20,52-20 CS SB8-200kg-C3,这是52-20 CS SB8-200kg-C3的产品描述。,Detailed description of 52-20 CS SB8-200kg-C3.
FT,52-20,52-20 CS SB8-250kg-C3,这是52-20 CS SB8-250kg-C3的产品描述。,Detailed description of 52-20 CS SB8-250kg-C3.
FT,52-20,52-20 CS SB8-500kg-C3,这是52-20 CS SB8-500kg-C3的产品描述。,Detailed description of 52-20 CS SB8-500kg-C3.
FT,52-30M,52-30M SS SLB-91kg-BH-C3,这是52-30M SS SLB-91kg-BH-C3的产品描述。,Detailed description of 52-30M SS SLB-91kg-BH-C3.
FT,52-30M,52-30M SS SLB-227kg-BH-C3,这是52-30M SS SLB-227kg-BH-C3的产品描述。,Detailed description of 52-30M SS SLB-227kg-BH-C3.
FT,52-30M,52-30M SS SLB-454kg-BH-C3,这是52-30M SS SLB-454kg-BH-C3的产品描述。,Detailed description of 52-30M SS SLB-454kg-BH-C3.
FT,52-30M,52-30M SS SLB-1134kg-BH-C3,这是52-30M SS SLB-1134kg-BH-C3的产品描述。,Detailed description of 52-30M SS SLB-1134kg-BH-C3.
FT,52-30M,52-30M SS SLB-2268kg-BH-C3,这是52-30M SS SLB-2268kg-BH-C3的产品描述。,Detailed description of 52-30M SS SLB-2268kg-BH-C3.
FT,52-30M,52-30M SS SLB-3000kg-BH-C3,这是52-30M SS SLB-3000kg-BH-C3的产品描述。,Detailed description of 52-30M SS SLB-3000kg-BH-C3.
FT,52-30ML,52-30ML SS SLB-91kg-BH-C3,这是52-30ML SS SLB-91kg-BH-C3的产品描述。,Detailed description of 52-30ML SS SLB-91kg-BH-C3.
FT,52-30ML,52-30ML SS SLB-227kg-BH-C3,这是52-30ML SS SLB-227kg-BH-C3的产品描述。,Detailed description of 52-30ML SS SLB-227kg-BH-C3.
FT,52-30ML,52-30ML SS SLB-454kg-BH-C3,这是52-30ML SS SLB-454kg-BH-C3的产品描述。,Detailed description of 52-30ML SS SLB-454kg-BH-C3.
FT,52-30ML,52-30ML SS SLB-1134kg-BH-C3,这是52-30ML SS SLB-1134kg-BH-C3的产品描述。,Detailed description of 52-30ML SS SLB-1134kg-BH-C3.
FT,52-30ML,52-30ML SS SLB-2268kg-BH-C3,这是52-30ML SS SLB-2268kg-BH-C3的产品描述。,Detailed description of 52-30ML SS SLB-2268kg-BH-C3.
FT,52-30ML,52-30ML SS SLB-3000kg-BH-C3,这是52-30ML SS SLB-3000kg-BH-C3的产品描述。,Detailed description of 52-30ML SS SLB-3000kg-BH-C3.
FT,52-30M,52-30M SS SB14-227kg-BH-C3 Y=11500,这是52-30M SS SB14-227kg-BH-C3 Y=11500的产品描述。,Detailed description of 52-30M SS SB14-227kg-BH-C3 Y=11500.
FT,52-30M,52-30M SS SB14-227kg-BH-C3 Y=23000,这是52-30M SS SB14-227kg-BH-C3 Y=23000的产品描述。,Detailed description of 52-30M SS SB14-227kg-BH-C3 Y=23000.
FT,52-30M,52-30M SS SB14-227kg-BH-C6 Y=23000,这是52-30M SS SB14-227kg-BH-C6 Y=23000的产品描述。,Detailed description of 52-30M SS SB14-227kg-BH-C6 Y=23000.
FT,52-30M,52-30M SS SB14-454kg-BH-C3 Y=11500,这是52-30M SS SB14-454kg-BH-C3 Y=11500的产品描述。,Detailed description of 52-30M SS SB14-454kg-BH-C3 Y=11500.
FT,52-30M,52-30M SS SB14-454kg-BH-C3 Y=23000,这是52-30M SS SB14-454kg-BH-C3 Y=23000的产品描述。,Detailed description of 52-30M SS SB14-454kg-BH-C3 Y=23000.
FT,52-30M,52-30M SS SB14-454kg-BH-C6 Y=23000,这是52-30M SS SB14-454kg-BH-C6 Y=23000的产品描述。,Detailed description of 52-30M SS SB14-454kg-BH-C6 Y=23000.
FT,52-30M,52-30M SS SB14-1134kg-BH-C3 Y=11500,这是52-30M SS SB14-1134kg-BH-C3 Y=11500的产品描述。,Detailed description of 52-30M SS SB14-1134kg-BH-C3 Y=11500.
FT,52-30M,52-30M SS SB14-1134kg-BH-C3 Y=23000,这是52-30M SS SB14-1134kg-BH-C3 Y=23000的产品描述。,Detailed description of 52-30M SS SB14-1134kg-BH-C3 Y=23000.
FT,52-30M,52-30M SS SB14-1134kg-BH-C6 Y=23000,这是52-30M SS SB14-1134kg-BH-C6 Y=23000的产品描述。,Detailed description of 52-30M SS SB14-1134kg-BH-C6 Y=23000.
FT,52-30M,52-30M SS SB14-2268kg-BH-C3 Y=11500,这是52-30M SS SB14-2268kg-BH-C3 Y=11500的产品描述。,Detailed description of 52-30M SS SB14-2268kg-BH-C3 Y=11500.
FT,52-30M,52-30M SS SB14-2268kg-BH-C3 Y=23000,这是52-30M SS SB14-2268kg-BH-C3 Y=23000的产品描述。,Detailed description of 52-30M SS SB14-2268kg-BH-C3 Y=23000.
FT,52-30M,52-30M SS SB14-2268kg-BH-C6 Y=23000,这是52-30M SS SB14-2268kg-BH-C6 Y=23000的产品描述。,Detailed description of 52-30M SS SB14-2268kg-BH-C6 Y=23000.
FT,52-30M,52-30M SS SB14-3000kg-BH-C3 Y=11500,这是52-30M SS SB14-3000kg-BH-C3 Y=11500的产品描述。,Detailed description of 52-30M SS SB14-3000kg-BH-C3 Y=11500.
FT,52-30M,52-30M SS SB14-3000kg-BH-C3 Y=23000,这是52-30M SS SB14-3000kg-BH-C3 Y=23000的产品描述。,Detailed description of 52-30M SS SB14-3000kg-BH-C3 Y=23000.
FT,52-30M,52-30M SS SB14-3000kg-BH-C6 Y=23000,这是52-30M SS SB14-3000kg-BH-C6 Y=23000的产品描述。,Detailed description of 52-30M SS SB14-3000kg-BH-C6 Y=23000.
FT,52-30M,52-30M SS SB14-4536kg-BH-C3 Y=11500,这是52-30M SS SB14-4536kg-BH-C3 Y=11500的产品描述。,Detailed description of 52-30M SS SB14-4536kg-BH-C3 Y=11500.
FT,52-30M,52-30M SS SB14-4536kg-BH-C3 Y=23000,这是52-30M SS SB14-4536kg-BH-C3 Y=23000的产品描述。,Detailed description of 52-30M SS SB14-4536kg-BH-C3 Y=23000.
FT,52-30M,52-30M SS SB14-4536kg-BH-C6 Y=23000,这是52-30M SS SB14-4536kg-BH-C6 Y=23000的产品描述。,Detailed description of 52-30M SS SB14-4536kg-BH-C6 Y=23000.
FT,52-30ML,52-30ML SS SB14-227kg-BH-C3 Y=11500,这是52-30ML SS SB14-227kg-BH-C3 Y=11500的产品描述。,Detailed description of 52-30ML SS SB14-227kg-BH-C3 Y=11500.
FT,52-30ML,52-30ML SS SB14-227kg-BH-C3 Y=23000,这是52-30ML SS SB14-227kg-BH-C3 Y=23000的产品描述。,Detailed description of 52-30ML SS SB14-227kg-BH-C3 Y=23000.
FT,52-30ML,52-30ML SS SB14-227kg-BH-C6 Y=23000,这是52-30ML SS SB14-227kg-BH-C6 Y=23000的产品描述。,Detailed description of 52-30ML SS SB14-227kg-BH-C6 Y=23000.
FT,52-30ML,52-30ML SS SB14-454kg-BH-C3 Y=11500,这是52-30ML SS SB14-454kg-BH-C3 Y=11500的产品描述。,Detailed description of 52-30ML SS SB14-454kg-BH-C3 Y=11500.
FT,52-30ML,52-30ML SS SB14-454kg-BH-C3 Y=23000,这是52-30ML SS SB14-454kg-BH-C3 Y=23000的产品描述。,Detailed description of 52-30ML SS SB14-454kg-BH-C3 Y=23000.
FT,52-30ML,52-30ML SS SB14-454kg-BH-C6 Y=23000,这是52-30ML SS SB14-454kg-BH-C6 Y=23000的产品描述。,Detailed description of 52-30ML SS SB14-454kg-BH-C6 Y=23000.
FT,52-30ML,52-30ML SS SB14-1134kg-BH-C3 Y=11500,这是52-30ML SS SB14-1134kg-BH-C3 Y=11500的产品描述。,Detailed description of 52-30ML SS SB14-1134kg-BH-C3 Y=11500.
FT,52-30ML,52-30ML SS SB14-1134kg-BH-C3 Y=23000,这是52-30ML SS SB14-1134kg-BH-C3 Y=23000的产品描述。,Detailed description of 52-30ML SS SB14-1134kg-BH-C3 Y=23000.
FT,52-30ML,52-30ML SS SB14-1134kg-BH-C6 Y=23000,这是52-30ML SS SB14-1134kg-BH-C6 Y=23000的产品描述。,Detailed description of 52-30ML SS SB14-1134kg-BH-C6 Y=23000.
FT,52-30ML,52-30ML SS SB14-2268kg-BH-C3 Y=11500,这是52-30ML SS SB14-2268kg-BH-C3 Y=11500的产品描述。,Detailed description of 52-30ML SS SB14-2268kg-BH-C3 Y=11500.
FT,52-30ML,52-30ML SS SB14-2268kg-BH-C3 Y=23000,这是52-30ML SS SB14-2268kg-BH-C3 Y=23000的产品描述。,Detailed description of 52-30ML SS SB14-2268kg-BH-C3 Y=23000.
FT,52-30ML,52-30ML SS SB14-2268kg-BH-C6 Y=23000,这是52-30ML SS SB14-2268kg-BH-C6 Y=23000的产品描述。,Detailed description of 52-30ML SS SB14-2268kg-BH-C6 Y=23000.
FT,52-30ML,52-30ML SS SB14-3000kg-BH-C3 Y=11500,这是52-30ML SS SB14-3000kg-BH-C3 Y=11500的产品描述。,Detailed description of 52-30ML SS SB14-3000kg-BH-C3 Y=11500.
FT,52-30ML,52-30ML SS SB14-3000kg-BH-C3 Y=23000,这是52-30ML SS SB14-3000kg-BH-C3 Y=23000的产品描述。,Detailed description of 52-30ML SS SB14-3000kg-BH-C3 Y=23000.
FT,52-30ML,52-30ML SS SB14-3000kg-BH-C6 Y=23000,这是52-30ML SS SB14-3000kg-BH-C6 Y=23000的产品描述。,Detailed description of 52-30ML SS SB14-3000kg-BH-C6 Y=23000.
FT,52-30ML,52-30ML SS SB14-4536kg-BH-C3 Y=11500,这是52-30ML SS SB14-4536kg-BH-C3 Y=11500的产品描述。,Detailed description of 52-30ML SS SB14-4536kg-BH-C3 Y=11500.
FT,52-30ML,52-30ML SS SB14-4536kg-BH-C3 Y=23000,这是52-30ML SS SB14-4536kg-BH-C3 Y=23000的产品描述。,Detailed description of 52-30ML SS SB14-4536kg-BH-C3 Y=23000.
FT,52-30ML,52-30ML SS SB14-4536kg-BH-C6 Y=23000,这是52-30ML SS SB14-4536kg-BH-C6 Y=23000的产品描述。,Detailed description of 52-30ML SS SB14-4536kg-BH-C6 Y=23000.
FT,52-30M,52-30M SS SB5-5099kg-C3,这是52-30M SS SB5-5099kg-C3的产品描述。,Detailed description of 52-30M SS SB5-5099kg-C3.
FT,52-30ML,52-30ML SS SB5-5099kg-C3,这是52-30ML SS SB5-5099kg-C3的产品描述。,Detailed description of 52-30ML SS SB5-5099kg-C3.
FT,55-30,55-30 SS RC3-7.5t-C3,这是55-30 SS RC3-7.5t-C3的产品描述。,Detailed description of 55-30 SS RC3-7.5t-C3.
FT,55-30,55-30 SS RC3-15t-C3,这是55-30 SS RC3-15t-C3的产品描述。,Detailed description of 55-30 SS RC3-15t-C3.
FT,55-30,55-30 SS RC3-22.5t-C3,这是55-30 SS RC3-22.5t-C3的产品描述。,Detailed description of 55-30 SS RC3-22.5t-C3.
FT,55-30,55-30 SS RC3-30t-C3,这是55-30 SS RC3-30t-C3的产品描述。,Detailed description of 55-30 SS RC3-30t-C3.
FT,55-30,55-30 SS RC3-40t-C3,这是55-30 SS RC3-40t-C3的产品描述。,Detailed description of 55-30 SS RC3-40t-C3.
FT,52-28,52-28 SS SB6-20kg-C3 Y=10200,这是52-28 SS SB6-20kg-C3 Y=10200的产品描述。,Detailed description of 52-28 SS SB6-20kg-C3 Y=10200.
FT,52-28,52-28 SS SB6-20kg-C3 Y=20400,这是52-28 SS SB6-20kg-C3 Y=20400的产品描述。,Detailed description of 52-28 SS SB6-20kg-C3 Y=20400.
FT,52-28,52-28 SS SB6-50kg-C3 Y=10200,这是52-28 SS SB6-50kg-C3 Y=10200的产品描述。,Detailed description of 52-28 SS SB6-50kg-C3 Y=10200.
FT,52-28,52-28 SS SB6-50kg-C3 Y=20400,这是52-28 SS SB6-50kg-C3 Y=20400的产品描述。,Detailed description of 52-28 SS SB6-50kg-C3 Y=20400.
FT,52-28,52-28 SS SB6-100kg-C3 Y=10200,这是52-28 SS SB6-100kg-C3 Y=10200的产品描述。,Detailed description of 52-28 SS SB6-100kg-C3 Y=10200.
FT,52-28,52-28 SS SB6-100kg-C3 Y=20400,这是52-28 SS SB6-100kg-C3 Y=20400的产品描述。,Detailed description of 52-28 SS SB6-100kg-C3 Y=20400.
FT,52-28,52-28 SS SB6-200kg-C3 Y=10200,这是52-28 SS SB6-200kg-C3 Y=10200的产品描述。,Detailed description of 52-28 SS SB6-200kg-C3 Y=10200.
FT,52-28,52-28 SS SB6-200kg-C3 Y=20400,这是52-28 SS SB6-200kg-C3 Y=20400的产品描述。,Detailed description of 52-28 SS SB6-200kg-C3 Y=20400.
FT,52-20,52-20 SS SB8-10kg-C3,这是52-20 SS SB8-10kg-C3的产品描述。,Detailed description of 52-20 SS SB8-10kg-C3.
FT,52-20,52-20 SS SB8-20kg-C3,这是52-20 SS SB8-20kg-C3的产品描述。,Detailed description of 52-20 SS SB8-20kg-C3.
FT,52-20,52-20 SS SB8-30kg-C3,这是52-20 SS SB8-30kg-C3的产品描述。,Detailed description of 52-20 SS SB8-30kg-C3.
FT,52-20,52-20 SS SB8-50kg-C3,这是52-20 SS SB8-50kg-C3的产品描述。,Detailed description of 52-20 SS SB8-50kg-C3.
FT,52-20,52-20 SS SB8-100kg-C3,这是52-20 SS SB8-100kg-C3的产品描述。,Detailed description of 52-20 SS SB8-100kg-C3.
FT,52-20,52-20 SS SB8-200kg-C3,这是52-20 SS SB8-200kg-C3的产品描述。,Detailed description of 52-20 SS SB8-200kg-C3.
FT,52-20,52-20 SS SB8-250kg-C3,这是52-20 SS SB8-250kg-C3的产品描述。,Detailed description of 52-20 SS SB8-250kg-C3.
FT,52-20,52-20 SS SB8-500kg-C3,这是52-20 SS SB8-500kg-C3的产品描述。,Detailed description of 52-20 SS SB8-500kg-C3.
FT,52-30M,52-30M CS SLB-91kg-BH-C3 EX,这是52-30M CS SLB-91kg-BH-C3 EX的产品描述。,Detailed description of 52-30M CS SLB-91kg-BH-C3 EX.
FT,52-30M,52-30M CS SLB-227kg-BH-C3 EX,这是52-30M CS SLB-227kg-BH-C3 EX的产品描述。,Detailed description of 52-30M CS SLB-227kg-BH-C3 EX.
FT,52-30M,52-30M CS SLB-454kg-BH-C3 EX,这是52-30M CS SLB-454kg-BH-C3 EX的产品描述。,Detailed description of 52-30M CS SLB-454kg-BH-C3 EX.
FT,52-30M,52-30M CS SLB-1134kg-BH-C3 EX,这是52-30M CS SLB-1134kg-BH-C3 EX的产品描述。,Detailed description of 52-30M CS SLB-1134kg-BH-C3 EX.
FT,52-30M,52-30M CS SLB-2268kg-BH-C3 EX,这是52-30M CS SLB-2268kg-BH-C3 EX的产品描述。,Detailed description of 52-30M CS SLB-2268kg-BH-C3 EX.
FT,52-30M,52-30M CS SLB-3000kg-BH-C3 EX,这是52-30M CS SLB-3000kg-BH-C3 EX的产品描述。,Detailed description of 52-30M CS SLB-3000kg-BH-C3 EX.
FT,52-30ML,52-30ML CS SLB-91kg-BH-C3 EX,这是52-30ML CS SLB-91kg-BH-C3 EX的产品描述。,Detailed description of 52-30ML CS SLB-91kg-BH-C3 EX.
FT,52-30ML,52-30ML CS SLB-227kg-BH-C3 EX,这是52-30ML CS SLB-227kg-BH-C3 EX的产品描述。,Detailed description of 52-30ML CS SLB-227kg-BH-C3 EX.
FT,52-30ML,52-30ML CS SLB-454kg-BH-C3 EX,这是52-30ML CS SLB-454kg-BH-C3 EX的产品描述。,Detailed description of 52-30ML CS SLB-454kg-BH-C3 EX.
FT,52-30ML,52-30ML CS SLB-1134kg-BH-C3 EX,这是52-30ML CS SLB-1134kg-BH-C3 EX的产品描述。,Detailed description of 52-30ML CS SLB-1134kg-BH-C3 EX.
FT,52-30ML,52-30ML CS SLB-2268kg-BH-C3 EX,这是52-30ML CS SLB-2268kg-BH-C3 EX的产品描述。,Detailed description of 52-30ML CS SLB-2268kg-BH-C3 EX.
FT,52-30ML,52-30ML CS SLB-3000kg-BH-C3 EX,这是52-30ML CS SLB-3000kg-BH-C3 EX的产品描述。,Detailed description of 52-30ML CS SLB-3000kg-BH-C3 EX.
FT,52-30M,52-30M CS SB14-227kg-BH-C3 EX Y=11500,这是52-30M CS SB14-227kg-BH-C3 EX Y=11500的产品描述。,Detailed description of 52-30M CS SB14-227kg-BH-C3 EX Y=11500.
FT,52-30M,52-30M CS SB14-227kg-BH-C3 EX Y=23000,这是52-30M CS SB14-227kg-BH-C3 EX Y=23000的产品描述。,Detailed description of 52-30M CS SB14-227kg-BH-C3 EX Y=23000.
FT,52-30M,52-30M CS SB14-227kg-BH-C6 EX Y=23000,这是52-30M CS SB14-227kg-BH-C6 EX Y=23000的产品描述。,Detailed description of 52-30M CS SB14-227kg-BH-C6 EX Y=23000.
FT,52-30M,52-30M CS SB14-454kg-BH-C3 EX Y=11500,这是52-30M CS SB14-454kg-BH-C3 EX Y=11500的产品描述。,Detailed description of 52-30M CS SB14-454kg-BH-C3 EX Y=11500.
FT,52-30M,52-30M CS SB14-454kg-BH-C3 EX Y=23000,这是52-30M CS SB14-454kg-BH-C3 EX Y=23000的产品描述。,Detailed description of 52-30M CS SB14-454kg-BH-C3 EX Y=23000.
FT,52-30M,52-30M CS SB14-454kg-BH-C6 EX Y=23000,这是52-30M CS SB14-454kg-BH-C6 EX Y=23000的产品描述。,Detailed description of 52-30M CS SB14-454kg-BH-C6 EX Y=23000.
FT,52-30M,52-30M CS SB14-1134kg-BH-C3 EX Y=11500,这是52-30M CS SB14-1134kg-BH-C3 EX Y=11500的产品描述。,Detailed description of 52-30M CS SB14-1134kg-BH-C3 EX Y=11500.
FT,52-30M,52-30M CS SB14-1134kg-BH-C3 EX Y=23000,这是52-30M CS SB14-1134kg-BH-C3 EX Y=23000的产品描述。,Detailed description of 52-30M CS SB14-1134kg-BH-C3 EX Y=23000.
FT,52-30M,52-30M CS SB14-1134kg-BH-C6 EX Y=23000,这是52-30M CS SB14-1134kg-BH-C6 EX Y=23000的产品描述。,Detailed description of 52-30M CS SB14-1134kg-BH-C6 EX Y=23000.
FT,52-30M,52-30M CS SB14-2268kg-BH-C3 EX Y=11500,这是52-30M CS SB14-2268kg-BH-C3 EX Y=11500的产品描述。,Detailed description of 52-30M CS SB14-2268kg-BH-C3 EX Y=11500.
FT,52-30M,52-30M CS SB14-2268kg-BH-C3 EX Y=23000,这是52-30M CS SB14-2268kg-BH-C3 EX Y=23000的产品描述。,Detailed description of 52-30M CS SB14-2268kg-BH-C3 EX Y=23000.
FT,52-30M,52-30M CS SB14-2268kg-BH-C6 EX Y=23000,这是52-30M CS SB14-2268kg-BH-C6 EX Y=23000的产品描述。,Detailed description of 52-30M CS SB14-2268kg-BH-C6 EX Y=23000.
FT,52-30M,52-30M CS SB14-3000kg-BH-C3 EX Y=11500,这是52-30M CS SB14-3000kg-BH-C3 EX Y=11500的产品描述。,Detailed description of 52-30M CS SB14-3000kg-BH-C3 EX Y=11500.
FT,52-30M,52-30M CS SB14-3000kg-BH-C3 EX Y=23000,这是52-30M CS SB14-3000kg-BH-C3 EX Y=23000的产品描述。,Detailed description of 52-30M CS SB14-3000kg-BH-C3 EX Y=23000.
FT,52-30M,52-30M CS SB14-3000kg-BH-C6 EX Y=23000,这是52-30M CS SB14-3000kg-BH-C6 EX Y=23000的产品描述。,Detailed description of 52-30M CS SB14-3000kg-BH-C6 EX Y=23000.
FT,52-30M,52-30M CS SB14-4536kg-BH-C3 EX Y=11500,这是52-30M CS SB14-4536kg-BH-C3 EX Y=11500的产品描述。,Detailed description of 52-30M CS SB14-4536kg-BH-C3 EX Y=11500.
FT,52-30M,52-30M CS SB14-4536kg-BH-C3 EX Y=23000,这是52-30M CS SB14-4536kg-BH-C3 EX Y=23000的产品描述。,Detailed description of 52-30M CS SB14-4536kg-BH-C3 EX Y=23000.
FT,52-30M,52-30M CS SB14-4536kg-BH-C6 EX Y=23000,这是52-30M CS SB14-4536kg-BH-C6 EX Y=23000的产品描述。,Detailed description of 52-30M CS SB14-4536kg-BH-C6 EX Y=23000.
FT,52-30ML,52-30ML CS SB14-227kg-BH-C3 EX Y=11500,这是52-30ML CS SB14-227kg-BH-C3 EX Y=11500的产品描述。,Detailed description of 52-30ML CS SB14-227kg-BH-C3 EX Y=11500.
FT,52-30ML,52-30ML CS SB14-227kg-BH-C3 EX Y=23000,这是52-30ML CS SB14-227kg-BH-C3 EX Y=23000的产品描述。,Detailed description of 52-30ML CS SB14-227kg-BH-C3 EX Y=23000.
FT,52-30ML,52-30ML CS SB14-227kg-BH-C6 EX Y=23000,这是52-30ML CS SB14-227kg-BH-C6 EX Y=23000的产品描述。,Detailed description of 52-30ML CS SB14-227kg-BH-C6 EX Y=23000.
FT,52-30ML,52-30ML CS SB14-454kg-BH-C3 EX Y=11500,这是52-30ML CS SB14-454kg-BH-C3 EX Y=11500的产品描述。,Detailed description of 52-30ML CS SB14-454kg-BH-C3 EX Y=11500.
FT,52-30ML,52-30ML CS SB14-454kg-BH-C3 EX Y=23000,这是52-30ML CS SB14-454kg-BH-C3 EX Y=23000的产品描述。,Detailed description of 52-30ML CS SB14-454kg-BH-C3 EX Y=23000.
FT,52-30ML,52-30ML CS SB14-454kg-BH-C6 EX Y=23000,这是52-30ML CS SB14-454kg-BH-C6 EX Y=23000的产品描述。,Detailed description of 52-30ML CS SB14-454kg-BH-C6 EX Y=23000.
FT,52-30ML,52-30ML CS SB14-1134kg-BH-C3 EX Y=11500,这是52-30ML CS SB14-1134kg-BH-C3 EX Y=11500的产品描述。,Detailed description of 52-30ML CS SB14-1134kg-BH-C3 EX Y=11500.
FT,52-30ML,52-30ML CS SB14-1134kg-BH-C3 EX Y=23000,这是52-30ML CS SB14-1134kg-BH-C3 EX Y=23000的产品描述。,Detailed description of 52-30ML CS SB14-1134kg-BH-C3 EX Y=23000.
FT,52-30ML,52-30ML CS SB14-1134kg-BH-C6 EX Y=23000,这是52-30ML CS SB14-1134kg-BH-C6 EX Y=23000的产品描述。,Detailed description of 52-30ML CS SB14-1134kg-BH-C6 EX Y=23000.
FT,52-30ML,52-30ML CS SB14-2268kg-BH-C3 EX Y=11500,这是52-30ML CS SB14-2268kg-BH-C3 EX Y=11500的产品描述。,Detailed description of 52-30ML CS SB14-2268kg-BH-C3 EX Y=11500.
FT,52-30ML,52-30ML CS SB14-2268kg-BH-C3 EX Y=23000,这是52-30ML CS SB14-2268kg-BH-C3 EX Y=23000的产品描述。,Detailed description of 52-30ML CS SB14-2268kg-BH-C3 EX Y=23000.
FT,52-30ML,52-30ML CS SB14-2268kg-BH-C6 EX Y=23000,这是52-30ML CS SB14-2268kg-BH-C6 EX Y=23000的产品描述。,Detailed description of 52-30ML CS SB14-2268kg-BH-C6 EX Y=23000.
FT,52-30ML,52-30ML CS SB14-3000kg-BH-C3 EX Y=11500,这是52-30ML CS SB14-3000kg-BH-C3 EX Y=11500的产品描述。,Detailed description of 52-30ML CS SB14-3000kg-BH-C3 EX Y=11500.
FT,52-30ML,52-30ML CS SB14-3000kg-BH-C3 EX Y=23000,这是52-30ML CS SB14-3000kg-BH-C3 EX Y=23000的产品描述。,Detailed description of 52-30ML CS SB14-3000kg-BH-C3 EX Y=23000.
FT,52-30ML,52-30ML CS SB14-3000kg-BH-C6 EX Y=23000,这是52-30ML CS SB14-3000kg-BH-C6 EX Y=23000的产品描述。,Detailed description of 52-30ML CS SB14-3000kg-BH-C6 EX Y=23000.
FT,52-30ML,52-30ML CS SB14-4536kg-BH-C3 EX Y=11500,这是52-30ML CS SB14-4536kg-BH-C3 EX Y=11500的产品描述。,Detailed description of 52-30ML CS SB14-4536kg-BH-C3 EX Y=11500.
FT,52-30ML,52-30ML CS SB14-4536kg-BH-C3 EX Y=23000,这是52-30ML CS SB14-4536kg-BH-C3 EX Y=23000的产品描述。,Detailed description of 52-30ML CS SB14-4536kg-BH-C3 EX Y=23000.
FT,52-30ML,52-30ML CS SB14-4536kg-BH-C6 EX Y=23000,这是52-30ML CS SB14-4536kg-BH-C6 EX Y=23000的产品描述。,Detailed description of 52-30ML CS SB14-4536kg-BH-C6 EX Y=23000.
FT,52-30M,52-30M CS SB5-5099kg-C3 EX,这是52-30M CS SB5-5099kg-C3 EX的产品描述。,Detailed description of 52-30M CS SB5-5099kg-C3 EX.
FT,52-30ML,52-30ML CS SB5-5099kg-C3 EX,这是52-30ML CS SB5-5099kg-C3 EX的产品描述。,Detailed description of 52-30ML CS SB5-5099kg-C3 EX.
FT,55-30,55-30 CS RC3-7.5t-C3 EX,这是55-30 CS RC3-7.5t-C3 EX的产品描述。,Detailed description of 55-30 CS RC3-7.5t-C3 EX.
FT,55-30,55-30 CS RC3-15t-C3 EX,这是55-30 CS RC3-15t-C3 EX的产品描述。,Detailed description of 55-30 CS RC3-15t-C3 EX.
FT,55-30,55-30 CS RC3-22.5t-C3 EX,这是55-30 CS RC3-22.5t-C3 EX的产品描述。,Detailed description of 55-30 CS RC3-22.5t-C3 EX.
FT,55-30,55-30 CS RC3-30t-C3 EX,这是55-30 CS RC3-30t-C3 EX的产品描述。,Detailed description of 55-30 CS RC3-30t-C3 EX.
FT,55-30,55-30 CS RC3-40t-C3 EX,这是55-30 CS RC3-40t-C3 EX的产品描述。,Detailed description of 55-30 CS RC3-40t-C3 EX.
FT,52-28,52-28 CS SB6-20kg-C3 EX Y=10200,这是52-28 CS SB6-20kg-C3 EX Y=10200的产品描述。,Detailed description of 52-28 CS SB6-20kg-C3 EX Y=10200.
FT,52-28,52-28 CS SB6-20kg-C3 EX Y=20400,这是52-28 CS SB6-20kg-C3 EX Y=20400的产品描述。,Detailed description of 52-28 CS SB6-20kg-C3 EX Y=20400.
FT,52-28,52-28 CS SB6-50kg-C3 EX Y=10200,这是52-28 CS SB6-50kg-C3 EX Y=10200的产品描述。,Detailed description of 52-28 CS SB6-50kg-C3 EX Y=10200.
FT,52-28,52-28 CS SB6-50kg-C3 EX Y=20400,这是52-28 CS SB6-50kg-C3 EX Y=20400的产品描述。,Detailed description of 52-28 CS SB6-50kg-C3 EX Y=20400.
FT,52-28,52-28 CS SB6-100kg-C3 EX Y=10200,这是52-28 CS SB6-100kg-C3 EX Y=10200的产品描述。,Detailed description of 52-28 CS SB6-100kg-C3 EX Y=10200.
FT,52-28,52-28 CS SB6-100kg-C3 EX Y=20400,这是52-28 CS SB6-100kg-C3 EX Y=20400的产品描述。,Detailed description of 52-28 CS SB6-100kg-C3 EX Y=20400.
FT,52-28,52-28 CS SB6-200kg-C3 EX Y=10200,这是52-28 CS SB6-200kg-C3 EX Y=10200的产品描述。,Detailed description of 52-28 CS SB6-200kg-C3 EX Y=10200.
FT,52-28,52-28 CS SB6-200kg-C3 EX Y=20400,这是52-28 CS SB6-200kg-C3 EX Y=20400的产品描述。,Detailed description of 52-28 CS SB6-200kg-C3 EX Y=20400.
FT,52-20,52-20 CS SB8-10kg-C3 EX,这是52-20 CS SB8-10kg-C3 EX的产品描述。,Detailed description of 52-20 CS SB8-10kg-C3 EX.
FT,52-20,52-20 CS SB8-20kg-C3 EX,这是52-20 CS SB8-20kg-C3 EX的产品描述。,Detailed description of 52-20 CS SB8-20kg-C3 EX.
FT,52-20,52-20 CS SB8-30kg-C3 EX,这是52-20 CS SB8-30kg-C3 EX的产品描述。,Detailed description of 52-20 CS SB8-30kg-C3 EX.
FT,52-20,52-20 CS SB8-50kg-C3 EX,这是52-20 CS SB8-50kg-C3 EX的产品描述。,Detailed description of 52-20 CS SB8-50kg-C3 EX.
FT,52-20,52-20 CS SB8-100kg-C3 EX,这是52-20 CS SB8-100kg-C3 EX的产品描述。,Detailed description of 52-20 CS SB8-100kg-C3 EX.
FT,52-20,52-20 CS SB8-200kg-C3 EX,这是52-20 CS SB8-200kg-C3 EX的产品描述。,Detailed description of 52-20 CS SB8-200kg-C3 EX.
FT,52-20,52-20 CS SB8-250kg-C3 EX,这是52-20 CS SB8-250kg-C3 EX的产品描述。,Detailed description of 52-20 CS SB8-250kg-C3 EX.
FT,52-20,52-20 CS SB8-500kg-C3 EX,这是52-20 CS SB8-500kg-C3 EX的产品描述。,Detailed description of 52-20 CS SB8-500kg-C3 EX.
FT,52-30M,52-30M SS SLB-91kg-BH-C3 EX,这是52-30M SS SLB-91kg-BH-C3 EX的产品描述。,Detailed description of 52-30M SS SLB-91kg-BH-C3 EX.
FT,52-30M,52-30M SS SLB-227kg-BH-C3 EX,这是52-30M SS SLB-227kg-BH-C3 EX的产品描述。,Detailed description of 52-30M SS SLB-227kg-BH-C3 EX.
FT,52-30M,52-30M SS SLB-454kg-BH-C3 EX,这是52-30M SS SLB-454kg-BH-C3 EX的产品描述。,Detailed description of 52-30M SS SLB-454kg-BH-C3 EX.
FT,52-30M,52-30M SS SLB-1134kg-BH-C3 EX,这是52-30M SS SLB-1134kg-BH-C3 EX的产品描述。,Detailed description of 52-30M SS SLB-1134kg-BH-C3 EX.
FT,52-30M,52-30M SS SLB-2268kg-BH-C3 EX,这是52-30M SS SLB-2268kg-BH-C3 EX的产品描述。,Detailed description of 52-30M SS SLB-2268kg-BH-C3 EX.
FT,52-30M,52-30M SS SLB-3000kg-BH-C3 EX,这是52-30M SS SLB-3000kg-BH-C3 EX的产品描述。,Detailed description of 52-30M SS SLB-3000kg-BH-C3 EX.
FT,52-30ML,52-30ML SS SLB-91kg-BH-C3 EX,这是52-30ML SS SLB-91kg-BH-C3 EX的产品描述。,Detailed description of 52-30ML SS SLB-91kg-BH-C3 EX.
FT,52-30ML,52-30ML SS SLB-227kg-BH-C3 EX,这是52-30ML SS SLB-227kg-BH-C3 EX的产品描述。,Detailed description of 52-30ML SS SLB-227kg-BH-C3 EX.
FT,52-30ML,52-30ML SS SLB-454kg-BH-C3 EX,这是52-30ML SS SLB-454kg-BH-C3 EX的产品描述。,Detailed description of 52-30ML SS SLB-454kg-BH-C3 EX.
FT,52-30ML,52-30ML SS SLB-1134kg-BH-C3 EX,这是52-30ML SS SLB-1134kg-BH-C3 EX的产品描述。,Detailed description of 52-30ML SS SLB-1134kg-BH-C3 EX.
FT,52-30ML,52-30ML SS SLB-2268kg-BH-C3 EX,这是52-30ML SS SLB-2268kg-BH-C3 EX的产品描述。,Detailed description of 52-30ML SS SLB-2268kg-BH-C3 EX.
FT,52-30ML,52-30ML SS SLB-3000kg-BH-C3 EX,这是52-30ML SS SLB-3000kg-BH-C3 EX的产品描述。,Detailed description of 52-30ML SS SLB-3000kg-BH-C3 EX.
FT,52-30M,52-30M SS SB14-227kg-BH-C3 EX Y=11500,这是52-30M SS SB14-227kg-BH-C3 EX Y=11500的产品描述。,Detailed description of 52-30M SS SB14-227kg-BH-C3 EX Y=11500.
FT,52-30M,52-30M SS SB14-227kg-BH-C3 EX Y=23000,这是52-30M SS SB14-227kg-BH-C3 EX Y=23000的产品描述。,Detailed description of 52-30M SS SB14-227kg-BH-C3 EX Y=23000.
FT,52-30M,52-30M SS SB14-227kg-BH-C6 EX Y=23000,这是52-30M SS SB14-227kg-BH-C6 EX Y=23000的产品描述。,Detailed description of 52-30M SS SB14-227kg-BH-C6 EX Y=23000.
FT,52-30M,52-30M SS SB14-454kg-BH-C3 EX Y=11500,这是52-30M SS SB14-454kg-BH-C3 EX Y=11500的产品描述。,Detailed description of 52-30M SS SB14-454kg-BH-C3 EX Y=11500.
FT,52-30M,52-30M SS SB14-454kg-BH-C3 EX Y=23000,这是52-30M SS SB14-454kg-BH-C3 EX Y=23000的产品描述。,Detailed description of 52-30M SS SB14-454kg-BH-C3 EX Y=23000.
FT,52-30M,52-30M SS SB14-454kg-BH-C6 EX Y=23000,这是52-30M SS SB14-454kg-BH-C6 EX Y=23000的产品描述。,Detailed description of 52-30M SS SB14-454kg-BH-C6 EX Y=23000.
FT,52-30M,52-30M SS SB14-1134kg-BH-C3 EX Y=11500,这是52-30M SS SB14-1134kg-BH-C3 EX Y=11500的产品描述。,Detailed description of 52-30M SS SB14-1134kg-BH-C3 EX Y=11500.
FT,52-30M,52-30M SS SB14-1134kg-BH-C3 EX Y=23000,这是52-30M SS SB14-1134kg-BH-C3 EX Y=23000的产品描述。,Detailed description of 52-30M SS SB14-1134kg-BH-C3 EX Y=23000.
FT,52-30M,52-30M SS SB14-1134kg-BH-C6 EX Y=23000,这是52-30M SS SB14-1134kg-BH-C6 EX Y=23000的产品描述。,Detailed description of 52-30M SS SB14-1134kg-BH-C6 EX Y=23000.
FT,52-30M,52-30M SS SB14-2268kg-BH-C3 EX Y=11500,这是52-30M SS SB14-2268kg-BH-C3 EX Y=11500的产品描述。,Detailed description of 52-30M SS SB14-2268kg-BH-C3 EX Y=11500.
FT,52-30M,52-30M SS SB14-2268kg-BH-C3 EX Y=23000,这是52-30M SS SB14-2268kg-BH-C3 EX Y=23000的产品描述。,Detailed description of 52-30M SS SB14-2268kg-BH-C3 EX Y=23000.
FT,52-30M,52-30M SS SB14-2268kg-BH-C6 EX Y=23000,这是52-30M SS SB14-2268kg-BH-C6 EX Y=23000的产品描述。,Detailed description of 52-30M SS SB14-2268kg-BH-C6 EX Y=23000.
FT,52-30M,52-30M SS SB14-3000kg-BH-C3 EX Y=11500,这是52-30M SS SB14-3000kg-BH-C3 EX Y=11500的产品描述。,Detailed description of 52-30M SS SB14-3000kg-BH-C3 EX Y=11500.
FT,52-30M,52-30M SS SB14-3000kg-BH-C3 EX Y=23000,这是52-30M SS SB14-3000kg-BH-C3 EX Y=23000的产品描述。,Detailed description of 52-30M SS SB14-3000kg-BH-C3 EX Y=23000.
FT,52-30M,52-30M SS SB14-3000kg-BH-C6 EX Y=23000,这是52-30M SS SB14-3000kg-BH-C6 EX Y=23000的产品描述。,Detailed description of 52-30M SS SB14-3000kg-BH-C6 EX Y=23000.
FT,52-30M,52-30M SS SB14-4536kg-BH-C3 EX Y=11500,这是52-30M SS SB14-4536kg-BH-C3 EX Y=11500的产品描述。,Detailed description of 52-30M SS SB14-4536kg-BH-C3 EX Y=11500.
FT,52-30M,52-30M SS SB14-4536kg-BH-C3 EX Y=23000,这是52-30M SS SB14-4536kg-BH-C3 EX Y=23000的产品描述。,Detailed description of 52-30M SS SB14-4536kg-BH-C3 EX Y=23000.
FT,52-30M,52-30M SS SB14-4536kg-BH-C6 EX Y=23000,这是52-30M SS SB14-4536kg-BH-C6 EX Y=23000的产品描述。,Detailed description of 52-30M SS SB14-4536kg-BH-C6 EX Y=23000.
FT,52-30ML,52-30ML SS SB14-227kg-BH-C3 EX Y=11500,这是52-30ML SS SB14-227kg-BH-C3 EX Y=11500的产品描述。,Detailed description of 52-30ML SS SB14-227kg-BH-C3 EX Y=11500.
FT,52-30ML,52-30ML SS SB14-227kg-BH-C3 EX Y=23000,这是52-30ML SS SB14-227kg-BH-C3 EX Y=23000的产品描述。,Detailed description of 52-30ML SS SB14-227kg-BH-C3 EX Y=23000.
FT,52-30ML,52-30ML SS SB14-227kg-BH-C6 EX Y=23000,这是52-30ML SS SB14-227kg-BH-C6 EX Y=23000的产品描述。,Detailed description of 52-30ML SS SB14-227kg-BH-C6 EX Y=23000.
FT,52-30ML,52-30ML SS SB14-454kg-BH-C3 EX Y=11500,这是52-30ML SS SB14-454kg-BH-C3 EX Y=11500的产品描述。,Detailed description of 52-30ML SS SB14-454kg-BH-C3 EX Y=11500.
FT,52-30ML,52-30ML SS SB14-454kg-BH-C3 EX Y=23000,这是52-30ML SS SB14-454kg-BH-C3 EX Y=23000的产品描述。,Detailed description of 52-30ML SS SB14-454kg-BH-C3 EX Y=23000.
FT,52-30ML,52-30ML SS SB14-454kg-BH-C6 EX Y=23000,这是52-30ML SS SB14-454kg-BH-C6 EX Y=23000的产品描述。,Detailed description of 52-30ML SS SB14-454kg-BH-C6 EX Y=23000.
FT,52-30ML,52-30ML SS SB14-1134kg-BH-C3 EX Y=11500,这是52-30ML SS SB14-1134kg-BH-C3 EX Y=11500的产品描述。,Detailed description of 52-30ML SS SB14-1134kg-BH-C3 EX Y=11500.
FT,52-30ML,52-30ML SS SB14-1134kg-BH-C3 EX Y=23000,这是52-30ML SS SB14-1134kg-BH-C3 EX Y=23000的产品描述。,Detailed description of 52-30ML SS SB14-1134kg-BH-C3 EX Y=23000.
FT,52-30ML,52-30ML SS SB14-1134kg-BH-C6 EX Y=23000,这是52-30ML SS SB14-1134kg-BH-C6 EX Y=23000的产品描述。,Detailed description of 52-30ML SS SB14-1134kg-BH-C6 EX Y=23000.
FT,52-30ML,52-30ML SS SB14-2268kg-BH-C3 EX Y=11500,这是52-30ML SS SB14-2268kg-BH-C3 EX Y=11500的产品描述。,Detailed description of 52-30ML SS SB14-2268kg-BH-C3 EX Y=11500.
FT,52-30ML,52-30ML SS SB14-2268kg-BH-C3 EX Y=23000,这是52-30ML SS SB14-2268kg-BH-C3 EX Y=23000的产品描述。,Detailed description of 52-30ML SS SB14-2268kg-BH-C3 EX Y=23000.
FT,52-30ML,52-30ML SS SB14-2268kg-BH-C6 EX Y=23000,这是52-30ML SS SB14-2268kg-BH-C6 EX Y=23000的产品描述。,Detailed description of 52-30ML SS SB14-2268kg-BH-C6 EX Y=23000.
FT,52-30ML,52-30ML SS SB14-3000kg-BH-C3 EX Y=11500,这是52-30ML SS SB14-3000kg-BH-C3 EX Y=11500的产品描述。,Detailed description of 52-30ML SS SB14-3000kg-BH-C3 EX Y=11500.
FT,52-30ML,52-30ML SS SB14-3000kg-BH-C3 EX Y=23000,这是52-30ML SS SB14-3000kg-BH-C3 EX Y=23000的产品描述。,Detailed description of 52-30ML SS SB14-3000kg-BH-C3 EX Y=23000.
FT,52-30ML,52-30ML SS SB14-3000kg-BH-C6 EX Y=23000,这是52-30ML SS SB14-3000kg-BH-C6 EX Y=23000的产品描述。,Detailed description of 52-30ML SS SB14-3000kg-BH-C6 EX Y=23000.
FT,52-30ML,52-30ML SS SB14-4536kg-BH-C3 EX Y=11500,这是52-30ML SS SB14-4536kg-BH-C3 EX Y=11500的产品描述。,Detailed description of 52-30ML SS SB14-4536kg-BH-C3 EX Y=11500.
FT,52-30ML,52-30ML SS SB14-4536kg-BH-C3 EX Y=23000,这是52-30ML SS SB14-4536kg-BH-C3 EX Y=23000的产品描述。,Detailed description of 52-30ML SS SB14-4536kg-BH-C3 EX Y=23000.
FT,52-30ML,52-30ML SS SB14-4536kg-BH-C6 EX Y=23000,这是52-30ML SS SB14-4536kg-BH-C6 EX Y=23000的产品描述。,Detailed description of 52-30ML SS SB14-4536kg-BH-C6 EX Y=23000.
FT,52-30M,52-30M SS SB5-5099kg-C3 EX,这是52-30M SS SB5-5099kg-C3 EX的产品描述。,Detailed description of 52-30M SS SB5-5099kg-C3 EX.
FT,52-30ML,52-30ML SS SB5-5099kg-C3 EX,这是52-30ML SS SB5-5099kg-C3 EX的产品描述。,Detailed description of 52-30ML SS SB5-5099kg-C3 EX.
FT,55-30,55-30 SS RC3-7.5t-C3 EX,这是55-30 SS RC3-7.5t-C3 EX的产品描述。,Detailed description of 55-30 SS RC3-7.5t-C3 EX.
FT,55-30,55-30 SS RC3-15t-C3 EX,这是55-30 SS RC3-15t-C3 EX的产品描述。,Detailed description of 55-30 SS RC3-15t-C3 EX.
FT,55-30,55-30 SS RC3-22.5t-C3 EX,这是55-30 SS RC3-22.5t-C3 EX的产品描述。,Detailed description of 55-30 SS RC3-22.5t-C3 EX.
FT,55-30,55-30 SS RC3-30t-C3 EX,这是55-30 SS RC3-30t-C3 EX的产品描述。,Detailed description of 55-30 SS RC3-30t-C3 EX.
FT,55-30,55-30 SS RC3-40t-C3 EX,这是55-30 SS RC3-40t-C3 EX的产品描述。,Detailed description of 55-30 SS RC3-40t-C3 EX.
FT,52-28,52-28 SS SB6-20kg-C3 EX Y=10200,这是52-28 SS SB6-20kg-C3 EX Y=10200的产品描述。,Detailed description of 52-28 SS SB6-20kg-C3 EX Y=10200.
FT,52-28,52-28 SS SB6-20kg-C3 EX Y=20400,这是52-28 SS SB6-20kg-C3 EX Y=20400的产品描述。,Detailed description of 52-28 SS SB6-20kg-C3 EX Y=20400.
FT,52-28,52-28 SS SB6-50kg-C3 EX Y=10200,这是52-28 SS SB6-50kg-C3 EX Y=10200的产品描述。,Detailed description of 52-28 SS SB6-50kg-C3 EX Y=10200.
FT,52-28,52-28 SS SB6-50kg-C3 EX Y=20400,这是52-28 SS SB6-50kg-C3 EX Y=20400的产品描述。,Detailed description of 52-28 SS SB6-50kg-C3 EX Y=20400.
FT,52-28,52-28 SS SB6-100kg-C3 EX Y=10200,这是52-28 SS SB6-100kg-C3 EX Y=10200的产品描述。,Detailed description of 52-28 SS SB6-100kg-C3 EX Y=10200.
FT,52-28,52-28 SS SB6-100kg-C3 EX Y=20400,这是52-28 SS SB6-100kg-C3 EX Y=20400的产品描述。,Detailed description of 52-28 SS SB6-100kg-C3 EX Y=20400.
FT,52-28,52-28 SS SB6-200kg-C3 EX Y=10200,这是52-28 SS SB6-200kg-C3 EX Y=10200的产品描述。,Detailed description of 52-28 SS SB6-200kg-C3 EX Y=10200.
FT,52-28,52-28 SS SB6-200kg-C3 EX Y=20400,这是52-28 SS SB6-200kg-C3 EX Y=20400的产品描述。,Detailed description of 52-28 SS SB6-200kg-C3 EX Y=20400.
FT,52-20,52-20 SS SB8-10kg-C3 EX,这是52-20 SS SB8-10kg-C3 EX的产品描述。,Detailed description of 52-20 SS SB8-10kg-C3 EX.
FT,52-20,52-20 SS SB8-20kg-C3 EX,这是52-20 SS SB8-20kg-C3 EX的产品描述。,Detailed description of 52-20 SS SB8-20kg-C3 EX.
FT,52-20,52-20 SS SB8-30kg-C3 EX,这是52-20 SS SB8-30kg-C3 EX的产品描述。,Detailed description of 52-20 SS SB8-30kg-C3 EX.
FT,52-20,52-20 SS SB8-50kg-C3 EX,这是52-20 SS SB8-50kg-C3 EX的产品描述。,Detailed description of 52-20 SS SB8-50kg-C3 EX.
FT,52-20,52-20 SS SB8-100kg-C3 EX,这是52-20 SS SB8-100kg-C3 EX的产品描述。,Detailed description of 52-20 SS SB8-100kg-C3 EX.
FT,52-20,52-20 SS SB8-200kg-C3 EX,这是52-20 SS SB8-200kg-C3 EX的产品描述。,Detailed description of 52-20 SS SB8-200kg-C3 EX.
FT,52-20,52-20 SS SB8-250kg-C3 EX,这是52-20 SS SB8-250kg-C3 EX的产品描述。,Detailed description of 52-20 SS SB8-250kg-C3 EX.
FT,52-20,52-20 SS SB8-500kg-C3 EX,这是52-20 SS SB8-500kg-C3 EX的产品描述。,Detailed description of 52-20 SS SB8-500kg-C3 EX.
FT,接线盒,KE-4,这是KE-4的产品描述。,Detailed description of KE-4.
FT,接线盒,KEEX-4,这是KEEX-4的产品描述。,Detailed description of KEEX-4.
FT,通讯电缆,AWG-26/3,这是AWG-26/3的产品描述。,Detailed description of AWG-26/3.
FT,通讯电缆,AWG-14/5D,这是AWG-14/5D的产品描述。,Detailed description of AWG-14/5D.
FT,碳钢过渡板,CS 3t|CS 4.5t|CS 5t|CS 22.5t,这是CS 3t|CS 4.5t|CS 5t|CS 22.5t的产品描述。,Detailed description of CS 3t|CS 4.5t|CS 5t|CS 22.5t.
FT,不锈钢过渡板,SS 3t|SS 4.5t|SS 5t|SS 22.5t,这是SS 3t|SS 4.5t|SS 5t|SS 22.5t的产品描述。,Detailed description of SS 3t|SS 4.5t|SS 5t|SS 22.5t.
FT,立杆,分体式仪表立杆,这是分体式仪表立杆的产品描述。,Detailed description of 分体式仪表立杆.
FT,立杆,一体式仪表立杆,这是一体式仪表立杆的产品描述。,Detailed description of 一体式仪表立杆.
FT,预埋框,分体式预埋框,这是分体式预埋框的产品描述。,Detailed description of 分体式预埋框.
FT,预埋框,一体式预埋框,这是一体式预埋框的产品描述。,Detailed description of 一体式预埋框.
FT,移动小车,移动小车,这是移动小车的产品描述。,Detailed description of 移动小车.
FT,FTPD,FTPD-S-020-1212-E,这是FTPD-S-020-1212-E的产品描述。,Detailed description of FTPD-S-020-1212-E.
FT,FTPD,FTPD-S-003-0808-E,这是FTPD-S-003-0808-E的产品描述。,Detailed description of FTPD-S-003-0808-E.
FT,过渡板,过渡板,这是过渡板的产品描述。,Detailed description of 过渡板.
